EmpID,FirstName,LastName,StartDate,ExitDate,Title,Supervisor,ADEmail,BusinessUnit,EmployeeStatus,EmployeeType,PayZone,EmployeeClassificationType,TerminationType,TerminationDescription,DepartmentType,Division,DOB,State,JobFunctionDescription,GenderCode,LocationCode,RaceDesc,MaritalDesc,Performance Score,Current Employee Rating
3427,Uriah,Bridges,20-Sep-19,,Production Technician I,Peter Oneill,uriah.bridges@bilearner.com,CCDR,Active,Contract,Zone C,Temporary,Unk,,Production      ,Finance & Accounting,07-10-1969,MA,Accounting,Female,34904,White,Widowed,Fully Meets,4
3428,Paula,Small,11-Feb-23,,Production Technician I,Renee Mccormick,paula.small@bilearner.com,EW,Active,Contract,Zone A,Part-Time,Unk,,Production,Aerial,30-08-1965,MA,Labor,Male,6593,Hispanic,Widowed,Fully Meets,3
3429,Edward,Buck,10-Dec-18,,Area Sales Manager,Crystal Walker,edward.buck@bilearner.com,PL,Active,Full-Time,Zone B,Part-Time,Unk,,Sales,General - Sga,06-10-1991,MA,Assistant,Male,2330,Hispanic,Widowed,Fully Meets,4
3430,Michael,Riordan,21-Jun-21,,Area Sales Manager,Rebekah Wright,michael.riordan@bilearner.com,CCDR,Active,Contract,Zone A,Full-Time,Unk,,Sales,Finance & Accounting,04-04-1998,ND,Clerk,Male,58782,Other,Single,Fully Meets,2
3431,Jasmine,Onque,29-Jun-19,,Area Sales Manager,Jason Kim,jasmine.onque@bilearner.com,TNS,Active,Contract,Zone A,Temporary,Unk,,Sales,General - Con,29-08-1969,FL,Laborer,Female,33174,Other,Married,Fully Meets,3
3432,Maruk,Fraval,17-Jan-20,,Area Sales Manager,Sheri Campos,maruk.fraval@bilearner.com,BPC,Active,Contract,Zone B,Full-Time,Unk,,Sales,Field Operations,03-04-1949,CT,Driver,Male,6050,Black,Married,Fully Meets,3
3433,Latia,Costa,06-Apr-22,03-Jul-23,Area Sales Manager,Jacob Braun,latia.costa@bilearner.com,WBL,Active,Full-Time,Zone B,Temporary,Involuntary,Me see picture nature degree benefit.,Sales,General - Eng,01-07-1942,CA,Technician,Female,90007,Hispanic,Divorced,Exceeds,4
3434,Sharlene,Terry,06-Nov-20,29-Jan-23,Area Sales Manager,Tracy Marquez,sharlene.terry@bilearner.com,CCDR,Active,Contract,Zone C,Full-Time,Involuntary,Blue community type skill story.,Sales,Engineers,07-03-1957,OR,Engineer,Female,97756,White,Divorced,Fully Meets,2
3435,Jac,McKinzie,18-Aug-18,,Area Sales Manager,Sharon Becker,jac.mckinzie@bilearner.com,NEL,Active,Contract,Zone B,Part-Time,Unk,,Sales,Executive,15-05-1974,TX,Executive Assistant,Male,78789,Black,Widowed,Exceeds,3
3436,Joseph,Martins,21-Jan-22,29-Jun-23,Area Sales Manager,George Jenkins,joseph.martins@bilearner.com,BPC,Active,Part-Time,Zone B,Temporary,Resignation,Summer personal bag.,Sales,Engineers,11-11-1949,TX,Engineer,Male,78207,Asian,Widowed,Fully Meets,5
3437,Myriam,Givens,04-Aug-23,,Area Sales Manager,Troy White,myriam.givens@bilearner.com,SVG,Active,Contract,Zone B,Temporary,Unk,,Sales,Field Operations,26-01-1964,IN,Technician,Female,46204,Other,Single,Fully Meets,5
3438,Dheepa,Nguyen,10-Aug-18,04-Nov-19,Area Sales Manager,Brian Miller,dheepa.nguyen@bilearner.com,MSC,Active,Full-Time,Zone C,Temporary,Retirement,Alone once than. More condition pay far.,Sales,General - Con,06-04-1948,GA,Technician,Female,30428,Asian,Married,Fully Meets,3
3439,Bartholemew,Khemmich,25-May-22,27-Nov-22,Area Sales Manager,Charles Parks,bartholemew.khemmich@bilearner.com,EW,Active,Full-Time,Zone A,Temporary,Involuntary,Foot in theory minute recognize test.,Sales,Splicing,24-11-1981,CO,Splicer,Male,80820,Other,Single,Fully Meets,3
3440,Xana,Potts,05-Dec-19,17-Feb-23,Area Sales Manager,Gregory Walker,xana.potts@bilearner.com,CCDR,Active,Contract,Zone A,Full-Time,Resignation,Degree wish science when thing week old.,Sales,Finance & Accounting,06-11-1951,KY,Controller,Female,40220,White,Divorced,Fully Meets,3
3441,Prater,Jeremy,28-Apr-19,,Area Sales Manager,Tyler Lewis,prater.jeremy@bilearner.com,BPC,Active,Part-Time,Zone A,Part-Time,Unk,,Sales,General - Con,21-11-1989,NV,Lineman,Male,89139,Asian,Widowed,Exceeds,4
3442,Kaylah,Moon,09-Jul-19,16-Jun-22,Area Sales Manager,Ashley Scott,kaylah.moon@bilearner.com,PYZ,Active,Full-Time,Zone A,Full-Time,Retirement,Fear particular method stage.,IT/IS,Field Operations,24-11-1952,MA,Laborer,Male,2810,Black,Single,Exceeds,2
3443,Kristen,Tate,05-Apr-21,12-May-23,Area Sales Manager,Lauren Jones,kristen.tate@bilearner.com,WBL,Active,Full-Time,Zone C,Part-Time,Voluntary,Wall body wonder successful.,IT/IS,Project Management - Con,08-04-1994,KY,Coordinator,Male,2621,Asian,Widowed,Fully Meets,3
3444,Bobby,Rodgers,28-Nov-21,04-Feb-22,Area Sales Manager,Matthew Jackson,bobby.rodgers@bilearner.com,NEL,Active,Contract,Zone A,Part-Time,Voluntary,Visit foot nearly radio treatment.,Sales,Engineers,15-11-1983,KY,Director,Male,44553,Other,Widowed,Fully Meets,3
3445,Reid,Park,16-Jan-21,,Area Sales Manager,Michelle Mitchell,reid.park@bilearner.com,PL,Active,Contract,Zone C,Full-Time,Unk,,Sales,Project Management - Con,07-12-1985,KY,Supervisor,Female,5360,Other,Married,Exceeds,4
3446,Hector,Dalton,24-Aug-21,,Area Sales Manager,Sydney French,hector.dalton@bilearner.com,BPC,Active,Part-Time,Zone A,Part-Time,Unk,,Sales,Field Operations,01-05-1996,TX,Driller,Female,16325,White,Divorced,Exceeds,2
3447,Mariela,Schultz,26-May-20,18-Jun-23,Area Sales Manager,Michelle Evans MD,mariela.schultz@bilearner.com,CCDR,Future Start,Part-Time,Zone C,Part-Time,Involuntary,Unit pass office southern break one.,Sales,General - Con,17-02-1964,TX,Technician,Female,43481,Asian,Widowed,Fully Meets,3
3448,Angela,Molina,01-Oct-19,06-Nov-20,Area Sales Manager,Patricia Cook,angela.molina@bilearner.com,SVG,Future Start,Full-Time,Zone A,Temporary,Retirement,List class mind.,Sales,Engineers,12-05-1958,TX,Specialist,Male,50705,Asian,Widowed,Fully Meets,3
3449,Gerald,Preston,10-May-23,27-May-23,Area Sales Manager,Ashley Reeves,gerald.preston@bilearner.com,EW,Future Start,Contract,Zone B,Temporary,Involuntary,Price third parent evening.,Sales,General - Eng,18-09-1992,CO,Technician,Male,5168,Black,Single,Fully Meets,5
3450,Reilly,Moyer,01-Sep-20,04-Dec-22,Area Sales Manager,Stanley Harvey,reilly.moyer@bilearner.com,MSC,Active,Contract,Zone C,Temporary,Resignation,Cause military a sense. Doctor property may.,Sales,Field Operations,11-08-1994,CO,Operator,Male,11765,Other,Single,Exceeds,2
3451,Carlee,French,18-Feb-21,11-Nov-22,Area Sales Manager,Michael Bradshaw,carlee.french@bilearner.com,TNS,Active,Contract,Zone C,Full-Time,Voluntary,Station another son positive.,Sales,General - Con,15-01-1968,CO,Technician,Male,71071,Other,Divorced,Exceeds,3
3452,Jaydon,Blackburn,08-Nov-22,,Area Sales Manager,Debbie Crosby,jaydon.blackburn@bilearner.com,PYZ,Active,Part-Time,Zone A,Part-Time,Unk,,Sales,General - Con,07-01-1947,IN,Foreman,Male,12122,Black,Divorced,Fully Meets,2
3453,Bridger,Carter,13-Oct-22,,Area Sales Manager,Elizabeth Taylor,bridger.carter@bilearner.com,WBL,Active,Contract,Zone C,Part-Time,Unk,,Sales,Fielders,07-04-1982,MA,Engineer,Male,87065,White,Widowed,Fully Meets,4
3454,Leon,Beard,11-Sep-22,,Area Sales Manager,Brian Dunlap,leon.beard@bilearner.com,PYZ,Active,Full-Time,Zone C,Full-Time,Unk,,IT/IS,General - Con,29-01-1970,KY,Foreman,Male,10415,Hispanic,Married,Needs Improvement,4
3455,Charity,Miranda,29-Jun-21,05-Jul-22,Area Sales Manager,Daniel Rodriguez,charity.miranda@bilearner.com,WBL,Active,Full-Time,Zone C,Temporary,Resignation,Pm local take example fund. Small heavy listen.,Sales,Project Management - Eng,18-01-1999,KY,Manager,Male,3763,Other,Widowed,Exceeds,4
3456,Axel,Howe,06-Mar-23,,Area Sales Manager,Martin Hammond,axel.howe@bilearner.com,NEL,Active,Full-Time,Zone A,Temporary,Unk,,Sales,Field Operations,25-09-1946,KY,Technician,Female,79623,Black,Divorced,Fully Meets,3
3457,Milton,Wall,25-Sep-20,,Area Sales Manager,Sara Bell,milton.wall@bilearner.com,PL,Active,Full-Time,Zone B,Temporary,Unk,,Sales,Engineers,23-08-1947,KY,Technician,Female,69189,White,Divorced,Needs Improvement,3
3458,Cory,Robinson,28-Apr-22,24-May-23,Area Sales Manager,Elizabeth Anderson,cory.robinson@bilearner.com,BPC,Future Start,Contract,Zone A,Full-Time,Voluntary,Several young whether that expert.,Sales,Field Operations,12-08-1996,TX,Laborer,Female,5194,Hispanic,Single,Needs Improvement,3
3459,Saniya,Yu,18-Apr-21,21-Jun-22,Area Sales Manager,Erin Bailey,saniya.yu@bilearner.com,CCDR,Future Start,Part-Time,Zone A,Full-Time,Retirement,Science end approach democratic treatment.,Sales,General - Con,09-02-1944,TX,Splicer,Male,8779,Black,Widowed,Exceeds,2
3460,Alisa,James,19-Feb-20,,Area Sales Manager,Dennis Henderson,alisa.james@bilearner.com,SVG,Active,Full-Time,Zone A,Full-Time,Unk,,Sales,Aerial,10-02-1944,TX,Lineman,Male,74682,Asian,Married,Fully Meets,3
3461,Lincoln,Compton,18-Jul-19,01-Oct-21,Area Sales Manager,Tammy Conner,lincoln.compton@bilearner.com,EW,Future Start,Full-Time,Zone C,Part-Time,Resignation,Base scene central unit per argue. Might last of.,Sales,General - Con,29-12-1997,CO,Foreman,Male,78046,Hispanic,Married,Needs Improvement,1
3462,Aliana,Nolan,13-Sep-18,17-Sep-21,Area Sales Manager,Brianna Mathews,aliana.nolan@bilearner.com,MSC,Active,Contract,Zone A,Full-Time,Involuntary,Yourself book budget product.,Sales,Field Operations,09-08-1942,CO,Coordinator,Male,27270,Hispanic,Divorced,Needs Improvement,3
3463,Kayden,Dodson,30-Apr-20,18-Jul-21,Area Sales Manager,Jessica Peters,kayden.dodson@bilearner.com,TNS,Active,Part-Time,Zone A,Temporary,Retirement,Paper can score else investment.,Sales,Field Operations,21-06-1951,IN,Tower Hand,Male,12703,Hispanic,Single,Fully Meets,1
3464,James,Duke,03-Dec-18,09-Sep-22,Area Sales Manager,Mark Harris,james.duke@bilearner.com,PYZ,Active,Contract,Zone B,Full-Time,Involuntary,Stuff different color how.,Sales,Shop (Fleet),17-06-1998,MA,Mechanic,Male,66835,Black,Widowed,Needs Improvement,5
3465,Willow,Stuart,08-Nov-21,,Area Sales Manager,Elizabeth Tapia,willow.stuart@bilearner.com,WBL,Active,Full-Time,Zone B,Full-Time,Unk,,Sales,General - Con,07-01-1962,MA,Flagger,Male,66150,Asian,Divorced,Needs Improvement,3
3466,Clayton,Walker,13-Apr-22,10-Apr-23,Area Sales Manager,Jon Holden,clayton.walker@bilearner.com,PYZ,Active,Part-Time,Zone C,Full-Time,Retirement,Sign figure employee card education.,IT/IS,Aerial,26-01-1979,KY,Supervisor,Male,64288,Other,Married,Exceeds,4
3467,Celia,Curtis,06-May-20,,Area Sales Manager,Michael Odonnell,celia.curtis@bilearner.com,WBL,Active,Contract,Zone A,Part-Time,Unk,,Sales,Fielders,14-05-1987,KY,Engineer,Female,94333,Asian,Divorced,Exceeds,1
3468,Valentin,Reilly,09-Sep-19,,Area Sales Manager,Andres Parker,valentin.reilly@bilearner.com,NEL,Active,Contract,Zone B,Temporary,Unk,,Sales,Wireline Construction,26-04-1998,KY,Foreman,Female,45453,Black,Single,Fully Meets,4
3469,Ryland,Shepherd,29-Jul-20,05-Jan-23,Area Sales Manager,James Berry,ryland.shepherd@bilearner.com,PL,Future Start,Contract,Zone B,Full-Time,Resignation,Right cut matter arrive difference.,Sales,Field Operations,21-02-1945,TX,Driver,Female,81905,Asian,Divorced,Needs Improvement,3
3470,Esteban,Gilbert,14-Nov-18,28-Oct-19,Area Sales Manager,Gail Ali,esteban.gilbert@bilearner.com,BPC,Future Start,Contract,Zone C,Part-Time,Retirement,Speak professor statement result.,Sales,Field Operations,31-05-1997,TX,Technician,Female,12491,Black,Married,Needs Improvement,3
3471,Jonathan,Adkins,29-Feb-20,,Area Sales Manager,John Marshall,jonathan.adkins@bilearner.com,CCDR,Active,Part-Time,Zone C,Temporary,Unk,,Sales,Field Operations,03-01-1967,TX,Foreman,Male,64350,Asian,Married,Fully Meets,4
3472,Nevaeh,Soto,15-Jan-23,,Area Sales Manager,Jessica Chang,nevaeh.soto@bilearner.com,SVG,Active,Contract,Zone C,Full-Time,Unk,,Sales,Project Management - Con,12-01-1982,TX,Director,Male,74124,Other,Married,Exceeds,4
3473,Chaim,Mata,29-Jun-23,,Area Sales Manager,Desiree Vang,chaim.mata@bilearner.com,EW,Active,Part-Time,Zone A,Temporary,Unk,,Sales,Shop (Fleet),01-10-1950,CO,Manager,Male,33379,Hispanic,Widowed,Exceeds,2
3474,Arely,Patton,09-Mar-20,,Area Sales Manager,Andrew Goodman,arely.patton@bilearner.com,MSC,Active,Full-Time,Zone A,Temporary,Unk,,Sales,Catv,16-12-1965,CO,Laborer,Male,34481,Other,Divorced,Fully Meets,2
3475,Vance,Trujillo,21-Sep-21,13-Apr-23,Area Sales Manager,Rebecca Simpson,vance.trujillo@bilearner.com,TNS,Active,Full-Time,Zone C,Temporary,Resignation,Expert challenge education air none money wide.,Sales,General - Con,25-12-1957,IN,Foreman,Male,90406,Asian,Widowed,Fully Meets,2
3476,Charlie,Koch,12-Jun-23,06-Jul-23,Area Sales Manager,Samantha Cardenas,charlie.koch@bilearner.com,PYZ,Active,Part-Time,Zone A,Temporary,Voluntary,Buy become improve guess business know.,Sales,Fielders,20-06-1945,MA,Engineer,Male,95774,Asian,Divorced,Needs Improvement,2
3477,Sonny,Horne,07-Apr-19,,Area Sales Manager,Nancy Johnson,sonny.horne@bilearner.com,PYZ,Active,Part-Time,Zone A,Full-Time,Unk,,IT/IS,Aerial,03-12-1969,KY,Laborer,Female,16058,Asian,Widowed,Needs Improvement,2
3478,Thomas,Chandler,17-Sep-18,09-Jan-19,Area Sales Manager,Richard Hodges,thomas.chandler@bilearner.com,WBL,Active,Full-Time,Zone C,Temporary,Resignation,Read family dark scene scene guess.,Sales,Wireline Construction,10-10-1957,KY,Groundman,Female,45149,Hispanic,Married,Fully Meets,2
3479,Sarai,Stone,02-Aug-22,02-Apr-23,Area Sales Manager,Madison Wilson,sarai.stone@bilearner.com,NEL,Active,Contract,Zone A,Part-Time,Involuntary,Somebody great could yet.,Sales,Project Management - Con,17-05-1962,TX,Technician,Female,96336,Hispanic,Widowed,Fully Meets,2
3480,Jerimiah,Harmon,08-Sep-22,16-Oct-22,Area Sales Manager,Eric King,jerimiah.harmon@bilearner.com,PL,Future Start,Full-Time,Zone C,Temporary,Retirement,View vote contain within fight cup party war.,Sales,Catv,09-08-1946,TX,Supervisor,Female,75671,Black,Widowed,Fully Meets,1
3481,Leland,Allen,07-Mar-19,31-May-21,Area Sales Manager,Brandon Harris,leland.allen@bilearner.com,BPC,Future Start,Full-Time,Zone C,Part-Time,Voluntary,Buy house certain wrong research chair.,Sales,Wireline Construction,11-12-1965,TX,Splicer,Male,61149,Other,Widowed,Fully Meets,4
3482,Cristal,Bolton,29-Oct-19,07-Feb-21,Area Sales Manager,Matthew Flores,cristal.bolton@bilearner.com,CCDR,Future Start,Full-Time,Zone A,Temporary,Resignation,Miss onto none our discussion year.,Sales,Catv,11-02-1990,TX,Lineman,Male,57302,Asian,Divorced,Needs Improvement,2
3483,Jaslene,Harding,26-Sep-21,,Area Sales Manager,Krystal Hamilton,jaslene.harding@bilearner.com,SVG,Active,Part-Time,Zone B,Temporary,Unk,,Sales,Project Management - Con,19-06-1964,CO,Coordinator,Male,42605,Asian,Widowed,Fully Meets,1
3484,Albert,Gonzalez,29-Aug-18,,Area Sales Manager,Amber Hernandez,albert.gonzalez@bilearner.com,EW,Active,Part-Time,Zone B,Full-Time,Unk,,Sales,General - Con,18-07-1995,CO,Model Assistant,Male,64036,Other,Single,Fully Meets,4
3485,Jaiden,Johnson,26-Oct-21,,Area Sales Manager,Patricia Smith,jaiden.johnson@bilearner.com,MSC,Active,Contract,Zone C,Full-Time,Unk,,Sales,Field Operations,22-08-1994,CO,Laborer,Male,23173,White,Widowed,Fully Meets,5
3486,Brendon,Mcconnell,31-Oct-22,08-Jun-23,Area Sales Manager,Victoria Krause,brendon.mcconnell@bilearner.com,TNS,Active,Part-Time,Zone C,Temporary,Involuntary,Nature finish modern push former American.,Sales,Fielders,14-11-1990,IN,Engineer,Male,19665,Other,Widowed,Fully Meets,4
3487,Kimora,Parsons,15-Mar-23,,Area Sales Manager,Jesse Hunt,kimora.parsons@bilearner.com,BPC,Active,Contract,Zone B,Part-Time,Unk,,Sales,General - Sga,01-02-1994,KY,Administrator,Female,41161,Other,Divorced,Fully Meets,4
3488,Willie,Patterson,09-Sep-22,,Area Sales Manager,Shane Jones,willie.patterson@bilearner.com,CCDR,Active,Contract,Zone B,Full-Time,Unk,,Sales,Wireline Construction,12-11-1997,KY,Lineman,Female,52499,Asian,Single,Fully Meets,2
3489,Devyn,Powers,04-Mar-22,,Area Sales Manager,Jessica Murphy,devyn.powers@bilearner.com,EW,Active,Part-Time,Zone A,Temporary,Unk,,Sales,Field Operations,02-05-1953,TX,Laborer,Female,25634,Black,Divorced,Fully Meets,2
3490,Weston,Preston,11-Feb-19,,Area Sales Manager,Crystal Wallace,weston.preston@bilearner.com,MSC,Active,Part-Time,Zone A,Part-Time,Unk,,Sales,General - Sga,10-07-1991,TX,Director,Female,37965,Hispanic,Divorced,Fully Meets,2
3491,Lennon,Buchanan,26-Jan-21,,Area Sales Manager,Tina Nelson,lennon.buchanan@bilearner.com,NEL,Active,Contract,Zone B,Full-Time,Unk,,Sales,Field Operations,02-06-1973,TX,Driver,Male,39504,White,Widowed,Fully Meets,5
3492,Vicente,Merritt,26-Nov-19,,Area Sales Manager,Ashley Smith,vicente.merritt@bilearner.com,PL,Active,Full-Time,Zone C,Full-Time,Unk,,Sales,General - Con,08-01-1993,CO,Clerk,Male,31676,Asian,Married,Fully Meets,1
3493,Hugo,Clay,15-Jul-19,,Area Sales Manager,Eric Taylor,hugo.clay@bilearner.com,PYZ,Active,Full-Time,Zone C,Full-Time,Unk,,Sales,Project Management - Con,17-04-1984,CO,Project Manager,Male,28784,Asian,Widowed,Fully Meets,5
3494,Cohen,Raymond,18-Jun-20,,Area Sales Manager,Jacob Snyder,cohen.raymond@bilearner.com,SVG,Active,Contract,Zone B,Full-Time,Unk,,Sales,General - Con,08-02-1994,CO,Technician,Male,90983,Black,Single,Fully Meets,4
3495,Tia,Ellis,22-Jun-23,22-Jul-23,Area Sales Manager,Daniel Cabrera,tia.ellis@bilearner.com,TNS,Active,Part-Time,Zone B,Temporary,Retirement,Night company image able suggest.,Sales,Wireline Construction,27-01-1993,IN,Laborer,Male,1115,Other,Married,Fully Meets,4
3496,Aspen,Bentley,02-Dec-21,,Area Sales Manager,Barbara Garcia,aspen.bentley@bilearner.com,WBL,Active,Contract,Zone A,Part-Time,Unk,,Sales,General - Sga,19-09-1964,CA,Administrator,Male,72233,Other,Widowed,Fully Meets,5
3497,Graham,Rodriguez,08-Dec-21,,Area Sales Manager,Kendra Murray,graham.rodriguez@bilearner.com,TNS,Active,Part-Time,Zone C,Temporary,Unk,,Sales,Project Management - Con,18-02-1981,OR,Lineman,Female,58210,Hispanic,Widowed,Fully Meets,1
3498,Joel,Mcmillan,26-Apr-23,22-Jun-23,Area Sales Manager,Peter Harvey,joel.mcmillan@bilearner.com,PYZ,Active,Full-Time,Zone A,Full-Time,Voluntary,About allow article. For gas player magazine.,Sales,General - Sga,17-10-1998,KY,Laborer,Female,36087,White,Widowed,Fully Meets,2
3499,Maci,Frost,25-Sep-18,20-Dec-21,Area Sales Manager,Patrick Daniel,maci.frost@bilearner.com,WBL,Active,Part-Time,Zone C,Temporary,Involuntary,Seem hand dog. Us six beyond place fund well.,Sales,Field Operations,16-01-1971,KY,Technician,Female,61457,Asian,Widowed,Fully Meets,5
3500,Nevaeh,Lucas,20-Nov-18,21-Jun-20,Area Sales Manager,Bryan Douglas,nevaeh.lucas@bilearner.com,NEL,Active,Full-Time,Zone B,Part-Time,Voluntary,Game hour boy not write somebody owner.,Sales,Shop (Fleet),25-02-2000,TX,Mechanic,Female,80424,White,Divorced,Fully Meets,1
3501,Garrett,Zimmerman,30-Aug-20,30-Aug-22,Area Sales Manager,Destiny Hopkins,garrett.zimmerman@bilearner.com,PL,Future Start,Part-Time,Zone A,Part-Time,Retirement,Worker medical commercial participant tough leg.,Sales,General - Con,19-04-1959,TX,Technician,Male,6240,Other,Widowed,Fully Meets,4
3502,Eugene,Marks,01-Oct-19,,Area Sales Manager,Angela Morris,eugene.marks@bilearner.com,BPC,Active,Full-Time,Zone C,Temporary,Unk,,Sales,Splicing,29-06-1976,TX,Electrician,Male,49914,White,Married,Fully Meets,1
3503,Geovanni,Pugh,20-Jan-22,,Area Sales Manager,Erica Franklin,geovanni.pugh@bilearner.com,CCDR,Active,Part-Time,Zone A,Temporary,Unk,,Sales,Project Management - Con,27-07-1951,CO,Manager,Male,71319,Other,Single,Fully Meets,4
3504,Javon,Kelley,10-Oct-21,,Area Sales Manager,Gabriela Orr,javon.kelley@bilearner.com,SVG,Active,Full-Time,Zone B,Part-Time,Unk,,Sales,General - Con,23-08-1980,CO,Laborer,Male,27992,Hispanic,Married,Fully Meets,2
3505,Amaya,Hicks,29-Aug-20,,Area Sales Manager,Michael Wilkins,amaya.hicks@bilearner.com,EW,Active,Contract,Zone B,Temporary,Unk,,Sales,Field Operations,24-07-1943,IN,Groundman,Male,72324,Hispanic,Widowed,Fully Meets,1
3506,Laila,Woodard,27-Aug-19,10-May-23,Area Sales Manager,Jordan Vega,laila.woodard@bilearner.com,MSC,Active,Full-Time,Zone B,Temporary,Voluntary,Fund nor half early miss follow.,Sales,Field Operations,06-07-1988,IN,Technician,Male,38740,Other,Married,Fully Meets,2
3507,Ivan,Huff,25-Feb-21,07-Apr-23,Area Sales Manager,John Miller,ivan.huff@bilearner.com,TNS,Active,Full-Time,Zone A,Full-Time,Retirement,Line later deal stand sometimes too mind.,Sales,Project Management - Con,24-03-1973,CA,Manager,Male,9437,White,Single,Fully Meets,4
3508,Aidan,Harding,13-Jul-21,,Area Sales Manager,Trevor Adkins,aidan.harding@bilearner.com,CCDR,Active,Full-Time,Zone B,Part-Time,Unk,,Sales,Aerial,26-05-1942,OR,Laborer,Male,9385,Asian,Single,Fully Meets,5
3509,Cruz,Boyer,14-Apr-21,,Area Sales Manager,Marcus Hunt,cruz.boyer@bilearner.com,BPC,Active,Part-Time,Zone C,Full-Time,Unk,,Sales,General - Sga,04-11-1977,KY,Project Controls,Female,75993,Black,Married,Fully Meets,2
3510,Raven,Koch,10-Feb-20,,Area Sales Manager,Jennifer King,raven.koch@bilearner.com,PYZ,Active,Part-Time,Zone A,Full-Time,Unk,,Sales,General - Con,17-10-1956,KY,Laborer,Female,65329,Hispanic,Married,Fully Meets,2
3511,Karli,Barker,17-Aug-21,31-Dec-21,Area Sales Manager,Shawn Dudley,karli.barker@bilearner.com,WBL,Active,Part-Time,Zone B,Full-Time,Resignation,Tell paper every.,Sales,Finance & Accounting,18-02-1997,KY,Director,Female,41111,Asian,Divorced,Fully Meets,4
3512,Tyrone,Sosa,17-Apr-23,22-Jun-23,Area Sales Manager,Lindsay Chang,tyrone.sosa@bilearner.com,NEL,Future Start,Contract,Zone C,Temporary,Voluntary,Why sport must page bad.,Sales,Yard (Material Handling),25-10-1996,TX,Coordinator,Female,58860,Black,Single,Fully Meets,2
3513,Damaris,Cisneros,02-Sep-22,24-May-23,Area Sales Manager,Sharon Ruiz,damaris.cisneros@bilearner.com,PL,Future Start,Contract,Zone C,Temporary,Involuntary,Something sense information final building.,Sales,General - Con,13-11-1959,TX,Laborer,Male,93051,Other,Married,Fully Meets,5
3514,Alexus,Estes,15-Apr-20,,Area Sales Manager,April Randolph,alexus.estes@bilearner.com,BPC,Active,Full-Time,Zone B,Part-Time,Unk,,Sales,Wireline Construction,03-01-1958,TX,Manager,Male,17419,Asian,Married,Fully Meets,1
3515,Kinsley,Flowers,09-Mar-22,10-Dec-22,Area Sales Manager,Mary Reilly,kinsley.flowers@bilearner.com,CCDR,Future Start,Part-Time,Zone A,Part-Time,Retirement,School see rest firm I.,Sales,Finance & Accounting,29-04-1997,CO,Controller,Male,59593,White,Single,Fully Meets,4
3516,Deborah,Love,07-Apr-22,22-Jan-23,Area Sales Manager,Eric Goodman,deborah.love@bilearner.com,SVG,Active,Contract,Zone B,Part-Time,Retirement,Source doctor rock group this.,Sales,Project Management - Con,25-06-1988,CO,Coordinator,Male,96350,Asian,Divorced,Fully Meets,5
3517,Milagros,Francis,19-Feb-20,,Area Sales Manager,Caleb Schneider,milagros.francis@bilearner.com,EW,Active,Part-Time,Zone A,Part-Time,Unk,,Sales,Splicing,04-01-1942,IN,Splicer,Male,44469,Hispanic,Widowed,Fully Meets,4
3518,Roberto,Michael,10-Apr-21,04-Jul-22,Area Sales Manager,Cheryl Henry,roberto.michael@bilearner.com,MSC,Active,Contract,Zone B,Part-Time,Involuntary,Little imagine career he produce program.,Sales,General - Eng,24-05-1969,CA,Coordinator,Female,13249,Hispanic,Married,Fully Meets,2
3519,Elaine,Ewing,19-Dec-21,02-Mar-22,Area Sales Manager,Dan Hernandez,elaine.ewing@bilearner.com,TNS,Active,Part-Time,Zone C,Temporary,Resignation,Your very trip successful memory to while out.,Sales,Aerial,28-03-1951,CA,Groundman,Male,17123,Hispanic,Widowed,Fully Meets,2
3520,Caiden,Munoz,13-Dec-20,13-Jan-23,Area Sales Manager,Teresa Daniel,caiden.munoz@bilearner.com,TNS,Active,Full-Time,Zone C,Temporary,Involuntary,Red some option.,Sales,Project Management - Con,01-03-1963,ND,Manager,Female,18983,Black,Divorced,Fully Meets,1
3521,Jocelyn,Bradford,26-Feb-19,,Area Sales Manager,Melissa Decker,jocelyn.bradford@bilearner.com,WBL,Active,Contract,Zone C,Part-Time,Unk,,Sales,General - Con,16-04-1949,KY,Electrician,Female,51795,Asian,Divorced,Fully Meets,4
3522,Marques,Armstrong,02-Mar-20,,Area Sales Manager,Michael Nguyen,marques.armstrong@bilearner.com,BPC,Active,Full-Time,Zone C,Part-Time,Unk,,Sales,Splicing,12-10-1983,KY,Splicer,Female,34369,Other,Single,Fully Meets,1
3523,Rohan,Chapman,25-Jun-21,25-Aug-22,Area Sales Manager,Tony Mcconnell,rohan.chapman@bilearner.com,CCDR,Active,Full-Time,Zone A,Temporary,Resignation,Theory grow future week house.,Sales,General - Con,19-12-1978,KY,Laborer,Female,23092,Other,Single,Fully Meets,2
3524,Emmanuel,Franklin,26-Jul-21,04-May-22,Area Sales Manager,Adam Gibson,emmanuel.franklin@bilearner.com,EW,Future Start,Contract,Zone B,Full-Time,Resignation,Inside week also so.,Sales,Field Operations,11-11-1999,TX,Laborer,Male,6074,Asian,Divorced,Fully Meets,2
3525,Clayton,Mccormick,03-Jul-22,10-Jan-23,Area Sales Manager,Stephanie Duke,clayton.mccormick@bilearner.com,MSC,Future Start,Contract,Zone B,Temporary,Retirement,Surface vote old picture.,Sales,General - Con,29-01-1967,TX,Foreman,Male,72264,Hispanic,Single,Fully Meets,2
3526,Darius,Krause,15-Sep-22,,Area Sales Manager,Paige Flores MD,darius.krause@bilearner.com,NEL,Active,Full-Time,Zone B,Full-Time,Unk,,Sales,General - Con,30-05-1948,TX,Foreman,Male,28282,White,Widowed,Fully Meets,4
3527,Ahmed,Hawkins,01-May-20,25-Feb-21,Area Sales Manager,Hannah Snyder,ahmed.hawkins@bilearner.com,PL,Active,Full-Time,Zone B,Temporary,Retirement,Especially thing recognize year fine shoulder.,Sales,Aerial,15-10-1974,CO,Lineman,Male,46645,Black,Married,Fully Meets,1
3528,Kymani,Benjamin,13-Oct-22,,Area Sales Manager,William Ayala,kymani.benjamin@bilearner.com,PYZ,Active,Full-Time,Zone C,Part-Time,Unk,,Sales,Finance & Accounting,13-12-1991,CO,Accounting,Male,10790,Hispanic,Widowed,Fully Meets,2
3529,Callum,Mcdaniel,03-Jan-20,24-Aug-20,Area Sales Manager,Samuel Moore,callum.mcdaniel@bilearner.com,SVG,Active,Part-Time,Zone C,Full-Time,Voluntary,Camera spring color about energy provide claim.,Sales,Field Operations,18-06-1994,IN,Top Hand,Male,67282,Hispanic,Single,Fully Meets,2
3530,Zariah,Black,13-Nov-19,,Area Sales Manager,Jenna Weaver,zariah.black@bilearner.com,TNS,Active,Full-Time,Zone B,Part-Time,Unk,,Sales,Field Operations,16-06-1993,CA,Tower Hand,Female,62321,Black,Widowed,Fully Meets,2
3531,Ronnie,Mayer,17-Jun-23,,Area Sales Manager,Dylan Blake,ronnie.mayer@bilearner.com,WBL,Active,Full-Time,Zone C,Full-Time,Unk,,Sales,Project Management - Con,18-05-1943,CA,Project Manager,Male,18409,Black,Divorced,Fully Meets,1
3532,Marlon,Ford,14-Oct-21,,Area Sales Manager,Monique Anderson,marlon.ford@bilearner.com,EW,Active,Part-Time,Zone B,Full-Time,Unk,,IT/IS,Wireless,27-11-1966,OR,Technician,Female,40306,Black,Widowed,Fully Meets,1
3533,Slade,Griffith,01-Jun-21,16-Jul-23,Area Sales Manager,Kelsey Gibson,slade.griffith@bilearner.com,MSC,Active,Contract,Zone B,Full-Time,Voluntary,Pass language out side age evidence.,Sales,General - Sga,12-11-1966,ND,Administrator,Male,65183,White,Married,Fully Meets,2
3534,Lee,Frye,14-Sep-18,,Area Sales Manager,Sonia Diaz,lee.frye@bilearner.com,TNS,Active,Full-Time,Zone A,Full-Time,Unk,,Sales,Engineers,16-08-1959,KY,Engineer,Female,97002,Asian,Single,Fully Meets,4
3535,Veronica,Rowe,11-Dec-18,02-Jun-22,Area Sales Manager,Brian Morton,veronica.rowe@bilearner.com,PYZ,Active,Full-Time,Zone A,Temporary,Retirement,Popular west moment natural step activity.,Sales,Fielders,02-02-1994,KY,Engineer,Female,29811,Black,Single,Fully Meets,4
3536,Aylin,Berg,06-Aug-22,,Area Sales Manager,Thomas Holmes,aylin.berg@bilearner.com,WBL,Active,Contract,Zone C,Temporary,Unk,,Sales,General - Sga,02-01-1989,GA,Administrative,Female,89169,Black,Single,Fully Meets,2
3537,Neveah,Rowe,28-May-22,24-Feb-23,Area Sales Manager,Dawn Perez,neveah.rowe@bilearner.com,NEL,Future Start,Contract,Zone C,Part-Time,Retirement,Manager lead both sing.,Sales,Field Operations,11-07-1954,TX,Foreman,Male,63882,Hispanic,Married,Fully Meets,2
3538,Keith,Baxter,16-Jun-19,05-Mar-22,Area Sales Manager,Diane Parker,keith.baxter@bilearner.com,PL,Future Start,Part-Time,Zone C,Part-Time,Resignation,And after why station much cell low.,Sales,Fielders,29-08-1959,TX,Engineer,Male,62328,Asian,Widowed,Fully Meets,2
3539,Chaz,Bruce,08-Dec-19,,Area Sales Manager,John Johnson,chaz.bruce@bilearner.com,BPC,Active,Full-Time,Zone C,Temporary,Unk,,Sales,General - Con,27-11-1983,CO,Foreman,Male,74448,Hispanic,Single,Fully Meets,5
3540,Maya,Mccann,12-Mar-20,09-Oct-22,Area Sales Manager,Dakota Robinson,maya.mccann@bilearner.com,CCDR,Active,Full-Time,Zone B,Part-Time,Retirement,American rule surface very figure.,Sales,Splicing,09-06-1983,CO,Supervisor,Male,18721,White,Widowed,Exceeds,4
3541,Aaron,Weber,06-Apr-20,24-Jul-23,Area Sales Manager,Melanie Garcia,aaron.weber@bilearner.com,SVG,Active,Full-Time,Zone B,Full-Time,Involuntary,Read stand western white article campaign dog.,Sales,Field Operations,27-10-1991,IN,Technician,Male,78938,Black,Married,Exceeds,2
3542,Ellie,Gill,15-Apr-23,,Area Sales Manager,Amanda Knight,ellie.gill@bilearner.com,EW,Active,Contract,Zone A,Temporary,Unk,,Sales,Field Operations,01-03-1948,IN,Manager,Male,45456,White,Married,Needs Improvement,1
3543,Rayne,Kerr,10-Nov-20,,Area Sales Manager,Kimberly Cardenas,rayne.kerr@bilearner.com,MSC,Active,Part-Time,Zone A,Temporary,Unk,,Sales,General - Con,18-02-1981,CA,Laborer,Female,45509,Black,Single,Fully Meets,2
3544,Samara,Mcbride,29-Jun-23,09-Jul-23,Area Sales Manager,Laura Salinas,samara.mcbride@bilearner.com,TNS,Active,Contract,Zone A,Temporary,Retirement,Political likely land country.,Sales,Aerial,16-09-2000,CA,Foreman,Male,13902,Asian,Single,Fully Meets,2
3545,Ryann,Rubio,07-Mar-22,,Area Sales Manager,Andres Jones,ryann.rubio@bilearner.com,EW,Active,Full-Time,Zone C,Temporary,Unk,,IT/IS,Field Operations,28-01-1943,OR,Locator,Female,9733,Black,Widowed,Fully Meets,1
3546,Paris,Carr,31-Jul-21,27-Jan-23,Area Sales Manager,Jeffrey Huffman,paris.carr@bilearner.com,CCDR,Active,Full-Time,Zone B,Part-Time,Voluntary,Baby million million soldier.,Sales,General - Con,14-07-1980,ND,Foreman,Male,35786,Hispanic,Widowed,Exceeds,1
